Buildings_Loss_train	Buildings_Loss_val	Buildings_Lr_0_train	step	Buildings_F1_Score_train	Buildings_F1_Score_val	Buildings_Mean_IoU_train	Buildings_Mean_IoU_val	Buildings_Pixel_Accuracy_train	Buildings_Pixel_Accuracy_val	Buildings_Precision_train	Buildings_Precision_val	Buildings_Recall_train	Buildings_Recall_val	Buildings_Negative_F1_Score_train	Buildings_Negative_F1_Score_val	Buildings_Negative_Mean_IoU_train	Buildings_Negative_Mean_IoU_val	Buildings_Negative_Pixel_Accuracy_train	Buildings_Negative_Pixel_Accuracy_val	Buildings_Negative_Precision_train	Buildings_Negative_Precision_val	Buildings_Negative_Recall_train	Buildings_Negative_Recall_val	Misc_Loss_train	Misc_Loss_val	Misc_Lr_0_train	Misc_F1_Score_train	Misc_F1_Score_val	Misc_Mean_IoU_train	Misc_Mean_IoU_val	Misc_Pixel_Accuracy_train	Misc_Pixel_Accuracy_val	Misc_Precision_train	Misc_Precision_val	Misc_Recall_train	Misc_Recall_val	Misc_Negative_F1_Score_train	Misc_Negative_F1_Score_val	Misc_Negative_Mean_IoU_train	Misc_Negative_Mean_IoU_val	Misc_Negative_Pixel_Accuracy_train	Misc_Negative_Pixel_Accuracy_val	Misc_Negative_Precision_train	Misc_Negative_Precision_val	Misc_Negative_Recall_train	Misc_Negative_Recall_val	Road_Loss_train	Road_Loss_val	Road_Lr_0_train	Road_F1_Score_train	Road_F1_Score_val	Road_Mean_IoU_train	Road_Mean_IoU_val	Road_Pixel_Accuracy_train	Road_Pixel_Accuracy_val	Road_Precision_train	Road_Precision_val	Road_Recall_train	Road_Recall_val	Road_Negative_F1_Score_train	Road_Negative_F1_Score_val	Road_Negative_Mean_IoU_train	Road_Negative_Mean_IoU_val	Road_Negative_Pixel_Accuracy_train	Road_Negative_Pixel_Accuracy_val	Road_Negative_Precision_train	Road_Negative_Precision_val	Road_Negative_Recall_train	Road_Negative_Recall_val	Track_Loss_train	Track_Loss_val	Track_Lr_0_train	Track_F1_Score_train	Track_F1_Score_val	Track_Mean_IoU_train	Track_Mean_IoU_val	Track_Pixel_Accuracy_train	Track_Pixel_Accuracy_val	Track_Precision_train	Track_Precision_val	Track_Recall_train	Track_Recall_val	Track_Negative_F1_Score_train	Track_Negative_F1_Score_val	Track_Negative_Mean_IoU_train	Track_Negative_Mean_IoU_val	Track_Negative_Pixel_Accuracy_train	Track_Negative_Pixel_Accuracy_val	Track_Negative_Precision_train	Track_Negative_Precision_val	Track_Negative_Recall_train	Track_Negative_Recall_val	Trees_Loss_train	Trees_Loss_val	Trees_Lr_0_train	Trees_F1_Score_train	Trees_F1_Score_val	Trees_Mean_IoU_train	Trees_Mean_IoU_val	Trees_Pixel_Accuracy_train	Trees_Pixel_Accuracy_val	Trees_Precision_train	Trees_Precision_val	Trees_Recall_train	Trees_Recall_val	Trees_Negative_F1_Score_train	Trees_Negative_F1_Score_val	Trees_Negative_Mean_IoU_train	Trees_Negative_Mean_IoU_val	Trees_Negative_Pixel_Accuracy_train	Trees_Negative_Pixel_Accuracy_val	Trees_Negative_Precision_train	Trees_Negative_Precision_val	Trees_Negative_Recall_train	Trees_Negative_Recall_val
1.2841907739639282		0.10000000149011612	1	0.006456153001636267		0.0032385308295488358		0.7397288084030151		0.26132646203041077		0.0032684507314115763		0.0022703255526721478		0.0011364527745172381		0.32888928055763245		0.5858024954795837		0.0011373667512089014		0.5355883836746216		0.10000000149011612	0.028555458411574364		0.014484535902738571		0.9259837865829468		0.053505271673202515		0.019474424421787262		0.010608653537929058		0.00533261289820075		0.13130754232406616		0.8333381414413452		0.005338306073099375		0.4119327664375305		0.10000000149011612	0.0016385915223509073		0.000819967535790056		0.8292715549468994		0.10257954150438309		0.0008258920861408114		0.3687676191329956		0.22606688737869263		0.36843791604042053		0.76723313331604		0.24271345138549805		0.37738460302352905		0.10000000149011612	0.006455889903008938		0.0032383983489125967		0.843386709690094		0.08192766457796097		0.0033603422343730927		0.008679136633872986		0.004358482081443071		0.2247120887041092		0.699420690536499		0.0043666609562933445		0.16208341717720032		0.10000000149011612	0.0025609158910810947		0.0012820996344089508		0.49919387698173523		0.3562529683113098		0.0012850768398493528		0.0013656275114044547		0.0006832802901044488		0.5716208219528198		0.37694644927978516		0.0006840528803877532	
0.5475245118141174	1.0683386325836182		2	0.0	0.0	0.0	0.0	0.742404580116272	0.7162055969238281	0.0	0.0	0.0	0.0	0.0	0.0	0.0	0.0	0.32922279834747314	0.2837944030761719	0.0	0.0	0.0	0.0	0.08510769158601761	1.482590913772583		0.0	0.0	0.0	0.0	0.9443057179450989	0.9522091150283813	0.0	0.0	0.0	0.0	0.0	0.0	0.0	0.0	0.12609107792377472	0.04779088497161865	0.0	0.0	0.0	0.0	0.8933249711990356	1.4145234823226929		0.26362770795822144	0.43371063470840454	0.15182670950889587	0.27690327167510986	0.5403761267662048	0.6597194075584412	0.1809401661157608	0.30235719680786133	0.48549172282218933	0.7668575644493103	0.8630130290985107	0.9071493744850159	0.7590351104736328	0.8300762176513672	0.7590351104736328	0.8300762176513672	0.7590351104736328	0.8300762176513672	1.0	1.0	0.6621007919311523	1.2183997631072998		0.0	0.0	0.0	0.0	0.84829181432724	0.8934577107429504	0.0	0.0	0.0	0.0	0.0	0.0	0.0	0.0	0.22231735289096832	0.10654226690530777	0.0	0.0	0.0	0.0	0.8606142997741699	1.1424614191055298		0.0	0.0	0.0	0.0	0.5018982887268066	0.7781647443771362	0.0	0.0	0.0	0.0	0.0	0.0	0.0	0.0	0.5693488121032715	0.22183524072170258	0.0	0.0	0.0	0.0
0.2668290138244629		0.09875000268220901	3	0.0		0.0		0.7390556931495667		0.0		0.0		0.0		0.0		0.3325931131839752		0.0		0.0		0.2908405661582947		0.09875000268220901	0.0		0.0		0.9438409805297852		0.0		0.0		0.7963929176330566		0.6616718173027039		0.6802253723144531		0.896519660949707		0.7163843512535095		0.7538381218910217		0.09875000268220901	0.30058470368385315		0.17687536776065826		0.24751506745815277		0.17828792333602905		0.9571269154548645		0.8638726472854614		0.7603660225868225		0.7603660225868225		0.7603660225868225		1.0		0.5092507600784302		0.09875000268220901	0.0		0.0		0.8480027318000793		0.0		0.0		0.0		0.0		0.22324295341968536		0.0		0.0		0.7391420006752014		0.09875000268220901	0.0		0.0		0.49942320585250854		0.0		0.0		0.0		0.0		0.5713392496109009		0.0		0.0	
0.2014816403388977	-57.017208099365234		4	0.0	0.0	0.0	0.0	0.7399284839630127	0.7257791757583618	0.0	0.0	0.0	0.0	0.0	0.0	0.0	0.0	0.3303079307079315	0.2742207944393158	0.0	0.0	0.0	0.0	1.7098960876464844	1.4555436372756958		0.0	0.0	0.0	0.0	0.9442192912101746	0.9521852135658264	0.0	0.0	0.0	0.0	0.9324938058853149	0.9755070209503174	0.8735253810882568	0.9521852135658264	0.8735277056694031	0.9521852135658264	0.873794436454773	0.9521852135658264	0.9996476173400879	1.0	0.5320640206336975	2.3925251960754395		0.29645010828971863	0.2951197326183319	0.17401903867721558	0.17310291528701782	0.2273520976305008	0.17310291528701782	0.17498396337032318	0.17310291528701782	0.9692849516868591	1.0	0.864902675151825	0.9052475690841675	0.761963427066803	0.8268970847129822	0.761963427066803	0.8268970847129822	0.761963427066803	0.8268970847129822	1.0	1.0	0.4208245575428009	1.2380331754684448		0.0	0.0	0.0	0.0	0.8478724956512451	0.8931685090065002	0.0	0.0	0.0	0.0	0.0	0.0	0.0	0.0	0.2229461967945099	0.10683149099349976	0.0	0.0	0.0	0.0	0.6730253100395203	1.2299163341522217		0.0	0.0	0.0	0.0	0.5008052587509155	0.7861908674240112	0.0	0.0	0.0	0.0	0.0	0.0	0.0	0.0	0.5702913999557495	0.21380910277366638	0.0	0.0	0.0	0.0
0.15710574388504028		0.05000000074505806	5	0.0		0.0		0.7413735389709473		0.0		0.0		0.0		0.0		0.3297235369682312		0.0		0.0		0.5651999115943909		0.05000000074505806	0.0		0.0		0.9444325566291809		0.0		0.0		0.893563985824585		0.8076056241989136		0.8111721873283386		0.879819929599762		0.9077442288398743		0.4267248511314392		0.05000000074505806	0.2981017231941223		0.17515836656093597		0.2407315969467163		0.17660149931907654		0.9554263353347778		0.8635672330856323		0.7598929405212402		0.7598929405212402		0.7598929405212402		1.0		0.2541649341583252		0.05000000074505806	0.0		0.0		0.8472411632537842		0.0		0.0		0.0		0.0		0.22276432812213898		0.0		0.0		0.6427187919616699		0.05000000074505806	0.0		0.0		0.5007074475288391		0.0		0.0		0.0		0.0		0.570652425289154		0.0		0.0	
0.13053105771541595	12.014151573181152		6	0.0	0.0	0.0	0.0	0.7413566708564758	0.7201998233795166	0.0	0.0	0.0	0.0	0.0	0.0	0.0	0.0	0.3289502263069153	0.279800146818161	0.0	0.0	0.0	0.0	0.26684731245040894	0.965103805065155		0.0	0.0	0.0	0.0	0.9446460604667664	0.9530673027038574	0.0	0.0	0.0	0.0	0.715887188911438	0.9759694933891296	0.5574955940246582	0.953066885471344	0.580325186252594	0.953066885471344	0.8760095834732056	0.9530673027038574	0.6052550077438354	0.9999995231628418	0.31450343132019043	2.4458982944488525		0.3026936948299408	0.2940112054347992	0.1783376932144165	0.17234064638614655	0.28799325227737427	0.17234064638614655	0.1816476285457611	0.17234064638614655	0.9072967767715454	1.0	0.8625202775001526	0.9057042002677917	0.7582731246948242	0.8276593685150146	0.7582731246948242	0.8276593685150146	0.7582731246948242	0.8276593685150146	1.0	1.0	0.20301365852355957	1.3642266988754272		0.0	0.0	0.0	0.0	0.8471336960792542	0.8946011066436768	0.0	0.0	0.0	0.0	0.0	0.0	0.0	0.0	0.22384950518608093	0.10539889335632324	0.0	0.0	0.0	0.0	0.6203771233558655	1.1783981323242188		0.0	0.0	0.0	0.0	0.49973830580711365	0.7792229652404785	0.0	0.0	0.0	0.0	0.0	0.0	0.0	0.0	0.571524977684021	0.22077703475952148	0.0	0.0	0.0	0.0
0.10442309826612473		0.02500000037252903	7	0.0		0.0		0.7379572987556458		0.0		0.0		0.0		0.0		0.33253538608551025		0.0		0.0		0.028898412361741066		0.02500000037252903	0.06421736627817154		0.033173851668834686		0.8793986439704895		0.05664794147014618		0.07412166893482208		0.9308661222457886		0.8706730604171753		0.8749979734420776		0.9004160761833191		0.9634476900100708		0.25724223256111145		0.02500000037252903	0.31325405836105347		0.18571503460407257		0.3561990261077881		0.19150978326797485		0.8598979711532593		0.8625490069389343		0.7583174705505371		0.7583174705505371		0.7583174705505371		1.0		0.16911838948726654		0.02500000037252903	0.0		0.0		0.847408652305603		0.0		0.0		0.0		0.0		0.22367197275161743		0.0		0.0		0.5991445183753967		0.02500000037252903	0.0		0.0		0.50076824426651		0.0		0.0		0.0		0.0		0.5706278085708618		0.0		0.0	
0.11978532373905182	1.040318250656128		8	0.0	0.0	0.0	0.0	0.741510272026062	0.7194278836250305	0.0	0.0	0.0	0.0	0.0	0.0	0.0	0.0	0.32836854457855225	0.28057214617729187	0.0	0.0	0.0	0.0	0.9093888401985168	0.8570575714111328		0.10629656910896301	0.09157449007034302	0.05613158270716667	0.04798431321978569	0.06080885976552963	0.04798431321978569	0.05613566190004349	0.04798431321978569	0.9987071752548218	1.0	0.9325815439224243	0.9754180908203125	0.8736794590950012	0.9520156979560852	0.8736794590950012	0.9520156979560852	0.8736794590950012	0.9520156979560852	1.0	1.0	0.23991435766220093	1.441249132156372		0.32009831070899963	0.27030736207962036	0.19054585695266724	0.15627478063106537	0.4593336582183838	0.4516857862472534	0.20339123904705048	0.17533546686172485	0.7510622143745422	0.5897505283355713	0.8635428547859192	0.9057846069335938	0.7598552107810974	0.8277937173843384	0.7598552107810974	0.8277937173843384	0.7598552107810974	0.8277937173843384	1.0	1.0	0.16171950101852417	6.644896507263184		0.0	0.0	0.0	0.0	0.8490478992462158	0.8947258591651917	0.0	0.0	0.0	0.0	0.0	0.0	0.0	0.0	0.22160717844963074	0.10527414083480835	0.0	0.0	0.0	0.0	0.5863052010536194	1.2126493453979492		0.0	0.0	0.0	0.0	0.5006943345069885	0.7899576425552368	0.0	0.0	0.0	0.0	0.0	0.0	0.0	0.0	0.5709701776504517	0.21004237234592438	0.0	0.0	0.0	0.0
0.09676004201173782		0.024687500670552254	9	0.0		0.0		0.7384925484657288		0.0		0.0		0.0		0.0		0.33275189995765686		0.0		0.0		0.7187114357948303		0.024687500670552254	0.10571438074111938		0.05580699071288109		0.05810629203915596		0.05580752342939377		0.999829113483429		0.9324566125869751		0.8734601736068726		0.8734601736068726		0.8734601736068726		1.0		0.20834128558635712		0.024687500670552254	0.3375096023082733		0.20301447808742523		0.5915799736976624		0.23201589286327362		0.6189238429069519		0.8644464015960693		0.7612555027008057		0.7612555027008057		0.7612555027008057		1.0		0.15925233066082		0.024687500670552254	0.0		0.0		0.8478139042854309		0.0		0.0		0.0		0.0		0.22344784438610077		0.0		0.0		0.5775395631790161		0.024687500670552254	0.0		0.0		0.49972352385520935		0.0		0.0		0.0		0.0		0.570128321647644		0.0		0.0	
0.08560876548290253	1.2805578708648682		10	0.0	0.0	0.0	0.0	0.7386322617530823	0.7226535677909851	0.0	0.0	0.0	0.0	0.0	0.0	0.0	0.0	0.3320002257823944	0.2773464620113373	0.0	0.0	0.0	0.0	0.5857647657394409	0.5665515661239624		0.10497471690177917	0.08900918066501617	0.055394891649484634	0.04657750204205513	0.057905714958906174	0.04657750204205513	0.055397022515535355	0.04657750204205513	0.9993059039115906	1.0	0.9329735636711121	0.9761559367179871	0.8743677735328674	0.953422486782074	0.8743677735328674	0.953422486782074	0.8743677735328674	0.953422486782074	1.0	1.0	0.1906459629535675	1.8296453952789307		0.3600965440273285	0.27953121066093445	0.21958398818969727	0.1624738574028015	0.7060173749923706	0.2664734125137329	0.2831234037876129	0.16682757437229156	0.4945507347583771	0.8616059422492981	0.8652641177177429	0.9099895358085632	0.7625246644020081	0.8348447680473328	0.7625246644020081	0.8348447680473328	0.7625246644020081	0.8348447680473328	1.0	1.0	0.1407683938741684	1.2295072078704834		0.0	0.0	0.0	0.0	0.8480553030967712	0.8955876231193542	0.0	0.0	0.0	0.0	0.0	0.0	0.0	0.0	0.22282235324382782	0.10441236197948456	0.0	0.0	0.0	0.0	0.5580621957778931	1.2021476030349731		0.0	0.0	0.0	0.0	0.501258909702301	0.791748046875	0.0	0.0	0.0	0.0	0.0	0.0	0.0	0.0	0.5702535510063171	0.2082519829273224	0.0	0.0	0.0	0.0
0.08243163675069809		0.012500000186264515	11	0.0		0.0		0.7390280961990356		0.0		0.0		0.0		0.0		0.3311237394809723		0.0		0.0		0.49196791648864746		0.012500000186264515	0.10552472621202469		0.05570129305124283		0.060188934206962585		0.05570931360125542		0.9974225163459778		0.9323329329490662		0.8732431530952454		0.8732431530952454		0.8732431530952454		1.0		0.1853063851594925		0.012500000186264515	0.3617715537548065		0.22083094716072083		0.7130419611930847		0.28941062092781067		0.4823804199695587		0.8638684153556824		0.760359525680542		0.760359525680542		0.760359525680542		1.0		0.1232813373208046		0.012500000186264515	0.0		0.0		0.8485121130943298		0.0		0.0		0.0		0.0		0.2233542650938034		0.0		0.0		0.5502053499221802		0.012500000186264515	0.0		0.0		0.49958327412605286		0.0		0.0		0.0		0.0		0.5714496374130249		0.0		0.0	
0.08127861469984055	-19.664100646972656		12	0.0	0.0	0.0	0.0	0.7428035140037537	0.7232971787452698	0.0	0.0	0.0	0.0	0.0	0.0	0.0	0.0	0.3281194269657135	0.2767028212547302	0.0	0.0	0.0	0.0	0.3921487331390381	0.35040482878685		0.1059979498386383	0.09007500857114792	0.05596506595611572	0.047161541879177094	0.07180538773536682	0.047161541879177094	0.05600924417376518	0.047161541879177094	0.9861017465591431	1.0	0.9266561269760132	0.9758497476577759	0.8633357286453247	0.9528384804725647	0.8636434674263	0.9528384804725647	0.8742289543151855	0.9528384804725647	0.9857724905014038	1.0	0.1800631880760193	1.348131775856018		0.35764217376708984	0.25524553656578064	0.21776141226291656	0.14629308879375458	0.7258592247962952	0.4755977988243103	0.2962532043457031	0.16890443861484528	0.45112287998199463	0.5221699476242065	0.8633942008018494	0.9058513641357422	0.7596250772476196	0.8279052376747131	0.7596250772476196	0.8279052376747131	0.7596250772476196	0.8279052376747131	1.0	1.0	0.11970163136720657	1.3003178834915161		0.0	0.0	0.0	0.0	0.847807765007019	0.8922041654586792	0.0	0.0	0.0	0.0	0.0	0.0	0.0	0.0	0.22210678458213806	0.10779585689306259	0.0	0.0	0.0	0.0	0.542422354221344	1.1575428247451782		0.0	0.0	0.0	0.0	0.49975094199180603	0.7926785349845886	0.0	0.0	0.0	0.0	0.0	0.0	0.0	0.0	0.5707818865776062	0.20732145011425018	0.0	0.0	0.0	0.0
0.07766729593276978		0.012500000186264515	13	0.0		0.0		0.7400448322296143		0.0		0.0		0.0		0.0		0.3306035101413727		0.0		0.0		0.2818398177623749		0.012500000186264515	0.1056358590722084		0.05576322600245476		0.09417721629142761		0.055880106985569		0.9638475179672241		0.6740916967391968		0.5083999633789062		0.537551760673523		0.8758041262626648		0.547900915145874		0.1655622273683548		0.012500000186264515	0.38765087723731995		0.24042613804340363		0.7736282348632812		0.3548385202884674		0.4271499216556549		0.8650515079498291		0.7621945142745972		0.7621945142745972		0.7621945142745972		1.0		0.10807818174362183		0.012500000186264515	0.0		0.0		0.8480982780456543		0.0		0.0		0.0		0.0		0.22295039892196655		0.0		0.0		0.5289891958236694		0.012500000186264515	0.0		0.0		0.4985907971858978		0.0		0.0		0.0		0.0		0.5723727941513062		0.0		0.0	
0.07562469691038132	-11.42190170288086		14	0.0	0.0	0.0	0.0	0.7401584982872009	0.717582106590271	0.0	0.0	0.0	0.0	0.0	0.0	0.0	0.0	0.33106905221939087	0.2824178636074066	0.0	0.0	0.0	0.0	0.11516337841749191	-0.072358638048172		0.10663401335477829	0.0897178053855896	0.05631981045007706	0.04696573317050934	0.24209901690483093	0.3126513659954071	0.05706900358200073	0.04790318384766579	0.8109684586524963	0.7058752179145813	0.014907077886164188	0.0	0.0075095114298164845	0.0	0.12365862727165222	0.047986794263124466	0.3794471025466919	0.0	0.007602883968502283	0.0	0.16036954522132874	1.6042075157165527		0.36894792318344116	0.29072436690330505	0.22620242834091187	0.1700863093137741	0.7610279321670532	0.21176666021347046	0.3341435492038727	0.1714668571949005	0.4118458032608032	0.9548023343086243	0.8634024858474731	0.9075866341590881	0.7596378326416016	0.8308088183403015	0.7596378326416016	0.8308088183403015	0.7596378326416016	0.8308088183403015	1.0	1.0	0.11070530861616135	1.256673812866211		0.0	0.0	0.0	0.0	0.8481389880180359	0.8986538648605347	0.0	0.0	0.0	0.0	0.0	0.0	0.0	0.0	0.22297309339046478	0.10134615004062653	0.0	0.0	0.0	0.0	0.5159940719604492	1.1219818592071533		0.0	0.0	0.0	0.0	0.49922648072242737	0.7915254235267639	0.0	0.0	0.0	0.0	0.0	0.0	0.0	0.0	0.5711379051208496	0.20847457647323608	0.0	0.0	0.0	0.0
0.07741692662239075		0.012500000186264515	15	0.0		0.0		0.7405117154121399		0.0		0.0		0.0		0.0		0.3300984501838684		0.0		0.0		-0.1767684519290924		0.012500000186264515	0.10687025636434555		0.05645162984728813		0.38801366090774536		0.05816983804106712		0.6564951539039612		0.20564380288124084		0.11460589617490768		0.19687232375144958		0.7531548738479614		0.11907871812582016		0.16023200750350952		0.012500000186264515	0.3472432494163513		0.21009944379329681		0.7480207681655884		0.30807799100875854		0.39781683683395386		0.8637771606445312		0.76021808385849		0.76021808385849		0.76021808385849		1.0		0.105782151222229		0.012500000186264515	0.0		0.0		0.8477230668067932		0.0		0.0		0.0		0.0		0.22189685702323914		0.0		0.0		0.5019403696060181		0.012500000186264515	0.0		0.0		0.4988349676132202		0.0		0.0		0.0		0.0		0.5709733366966248		0.0		0.0	
0.07555678486824036	1.5807344913482666		16	0.0	0.0	0.0	0.0	0.7408317923545837	0.7203693389892578	0.0	0.0	0.0	0.0	0.0	0.0	0.0	0.0	0.3298492729663849	0.2796306610107422	0.0	0.0	0.0	0.0	-0.0013707632897421718	-0.06652917712926865		0.10651051253080368	0.09025555849075317	0.056250911206007004	0.04726054519414902	0.07625775039196014	0.04889874532818794	0.056262288242578506	0.04726468399167061	0.9964183568954468	0.9981500506401062	0.002999563468620181	7.006889518379467e-06	0.0015020343707874417	3.5034570373682072e-06	0.11027335375547409	0.04727005958557129	0.07383295893669128	1.0	0.0015308787114918232	3.5034570373682072e-06	0.15661770105361938	1.5341602563858032		0.34723588824272156	0.28969067335128784	0.21009403467178345	0.1693791002035141	0.7511872053146362	0.21268406510353088	0.31048107147216797	0.17083698511123657	0.3938612639904022	0.9520341753959656	0.8646725416183472	0.9079170823097229	0.7616062760353088	0.831362783908844	0.7616062760353088	0.831362783908844	0.7616062760353088	0.831362783908844	1.0	1.0	0.08549903333187103	1.2705023288726807		0.0	0.0	0.0	0.0	0.8484469056129456	0.8977019786834717	0.0	0.0	0.0	0.0	0.0	0.0	0.0	0.0	0.22316546738147736	0.10229799896478653	0.0	0.0	0.0	0.0	0.48168766498565674	1.1536203622817993		0.0	0.0	0.0	0.0	0.502087414264679	0.7877358794212341	0.0	0.0	0.0	0.0	0.0	0.0	0.0	0.0	0.5689892768859863	0.21226412057876587	0.0	0.0	0.0	0.0
0.0701914131641388		0.012500000186264515	17	0.0		0.0		0.7401054501533508		0.0		0.0		0.0		0.0		0.3307608366012573		0.0		0.0		-0.14869335293769836		0.012500000186264515	0.10782402753829956		0.05698414519429207		0.18855397403240204		0.057447146624326706		0.8760892152786255		0.0024014050140976906		0.0012021459406241775		0.1134796142578125		0.07511144876480103		0.0012202082434669137		0.14342613518238068		0.012500000186264515	0.3502874970436096		0.21233245730400085		0.7646670341491699		0.32734179496765137		0.37669259309768677		0.8642957210540771		0.7610217928886414		0.7610217928886414		0.7610217928886414		1.0		0.08223512023687363		0.012500000186264515	0.0		0.0		0.8482025265693665		0.0		0.0		0.0		0.0		0.22172370553016663		0.0		0.0		0.4675459861755371		0.012500000186264515	0.0		0.0		0.4997051954269409		0.0		0.0		0.0		0.0		0.570716917514801		0.0		0.0	
0.0757303237915039	-1.7564902305603027		18	0.0	0.0	0.0	0.0	0.740734875202179	0.7207611799240112	0.0	0.0	0.0	0.0	0.0	0.0	0.0	0.0	0.3294198513031006	0.27923884987831116	0.0	0.0	0.0	0.0	0.23731710016727448	-11.801962852478027		0.10172052681446075	0.07983264327049255	0.05358564108610153	0.041575878858566284	0.5439234972000122	0.7124769687652588	0.05712439492344856	0.04694276303052902	0.46380916237831116	0.26667582988739014	0.19641588628292084	0.9653606414794922	0.10890308767557144	0.9330406785011292	0.21022768318653107	0.9331077337265015	0.8767641186714172	0.9531952738761902	0.11059600114822388	0.9778405427932739	0.13659389317035675	1.1120411157608032		0.3473447561264038	0.045080188661813736	0.21017374098300934	0.023059867322444916	0.7685609459877014	0.8040500283241272	0.3317204415798187	0.13280677795410156	0.36451366543769836	0.02714761532843113	0.8638099431991577	0.9068806767463684	0.7602688670158386	0.8296263813972473	0.7602688670158386	0.8296263813972473	0.7602688670158386	0.8296263813972473	1.0	1.0	0.07434319704771042	-1.4860703945159912		0.0	0.0	0.0	0.0	0.8482741117477417	0.8952192664146423	0.0	0.0	0.0	0.0	0.0	0.0	0.0	0.0	0.22259308397769928	0.10478074848651886	0.0	0.0	0.0	0.0	0.44729310274124146	1.2278459072113037		0.0	0.0	0.0	0.0	0.49915042519569397	0.7792404890060425	0.0	0.0	0.0	0.0	0.0	0.0	0.0	0.0	0.5717014670372009	0.22075948119163513	0.0	0.0	0.0	0.0
0.06765969842672348		0.012500000186264515	19	0.0		0.0		0.7419571280479431		0.0		0.0		0.0		0.0		0.32891666889190674		0.0		0.0		-0.06395673006772995		0.012500000186264515	0.10526254028081894		0.05555521324276924		0.06978261470794678		0.05557941272854805		0.9922236800193787		0.047247450798749924		0.02419530786573887		0.13947650790214539		0.7171736359596252		0.02442839741706848		0.13706444203853607		0.012500000186264515	0.33696964383125305		0.2026238739490509		0.7557590007781982		0.3070388734340668		0.373366117477417		0.8651753067970276		0.7623867392539978		0.7623867392539978		0.7623867392539978		1.0		0.06862173229455948		0.012500000186264515	0.0		0.0		0.8485082983970642		0.0		0.0		0.0		0.0		0.2221403419971466		0.0		0.0		0.4241911768913269		0.012500000186264515	0.0		0.0		0.5003408789634705		0.0		0.0		0.0		0.0		0.570709228515625		0.0		0.0	
0.06472564488649368	-1.6716644763946533		20	0.0	0.0	0.0	0.0	0.7398824691772461	0.7227227091789246	0.0	0.0	0.0	0.0	0.0	0.0	0.0	0.0	0.3310466408729553	0.27727729082107544	0.0	0.0	0.0	0.0	-0.11574585735797882	-0.20430254936218262		0.10624617338180542	0.09106951206922531	0.056103479117155075	0.04770708456635475	0.0699443519115448	0.047887325286865234	0.056123096495866776	0.04770709201693535	0.993807852268219	0.9999974966049194	0.036523520946502686	0.0007565778796561062	0.01860145665705204	0.0003784321015700698	0.12962394952774048	0.048058461397886276	0.5585396885871887	0.999735414981842	0.01887902058660984	0.00037843213067390025	0.12913504242897034	1.3772209882736206		0.34288549423217773	0.28489938378334045	0.2069171965122223	0.16611233353614807	0.7712468504905701	0.37756770849227905	0.330899715423584	0.17699700593948364	0.3557721972465515	0.7298154234886169	0.8645398020744324	0.9071682095527649	0.7614004015922546	0.8301078081130981	0.7614004015922546	0.8301078081130981	0.7614004015922546	0.8301078081130981	1.0	1.0	0.11255250126123428	1.1526079177856445		0.0	0.0	0.0	0.0	0.848343014717102	0.8989663124084473	0.0	0.0	0.0	0.0	0.0	0.0	0.0	0.0	0.2225925177335739	0.10103370994329453	0.0	0.0	0.0	0.0	0.40884822607040405	1.1746292114257812		0.0	0.0	0.0	0.0	0.4985603988170624	0.7905505895614624	0.0	0.0	0.0	0.0	0.0	0.0	0.0	0.0	0.5716552734375	0.20944944024085999	0.0	0.0	0.0	0.0
0.0631372407078743		0.012500000186264515	21	0.0		0.0		0.7416921257972717		0.0		0.0		0.0		0.0		0.3299051523208618		0.0		0.0		-0.17469191551208496		0.012500000186264515	0.10632413625717163		0.056146956980228424		0.07422584295272827		0.05616612732410431		0.9939582347869873		0.02842794544994831		0.014418923296034336		0.11410538107156754		0.3445394039154053		0.014825602993369102		0.12413735687732697		0.012500000186264515	0.33804619312286377		0.20340287685394287		0.7788652181625366		0.34301450848579407		0.3332197368144989		0.8636237978935242		0.7599804997444153		0.7599804997444153		0.7599804997444153		1.0		0.09036071598529816		0.012500000186264515	0.0		0.0		0.8490698337554932		0.0		0.0		0.0		0.0		0.22158272564411163		0.0		0.0		0.38095009326934814		0.012500000186264515	0.0		0.0		0.49917399883270264		0.0		0.0		0.0		0.0		0.5719074606895447		0.0		0.0	
0.06077338382601738	-2.4731884002685547		22	0.0	0.0	0.0	0.0	0.7393510937690735	0.7212093472480774	0.0	0.0	0.0	0.0	0.0	0.0	0.0	0.0	0.3309643864631653	0.278790682554245	0.0	0.0	0.0	0.0	-0.23258469998836517	-0.28764599561691284		0.1074603870511055	0.09142446517944336	0.05678104981780052	0.0479019396007061	0.07254619896411896	0.04790284484624863	0.0567922443151474	0.0479019396007061	0.9965412616729736	1.0	0.013975333422422409	5.008276389162347e-07	0.007036837749183178	2.504138763015362e-07	0.10840296000242233	0.04790212959051132	0.2023753523826599	1.0	0.007237567100673914	2.504138763015362e-07	0.12203051894903183	1.160638689994812		0.32835328578948975	0.1917480081319809	0.19642505049705505	0.10604053735733032	0.7762090563774109	0.6687672138214111	0.33352476358413696	0.16273082792758942	0.3233397305011749	0.23335924744606018	0.8632299304008484	0.9080769419670105	0.759370744228363	0.8316308856010437	0.759370744228363	0.8316308856010437	0.759370744228363	0.8316308856010437	1.0	1.0	0.061601947993040085	1.3186672925949097		0.0	0.0	0.0	0.0	0.8483642935752869	0.8939119577407837	0.0	0.0	0.0	0.0	0.0	0.0	0.0	0.0	0.2230837047100067	0.1060880571603775	0.0	0.0	0.0	0.0	0.3671463131904602	1.2388412952423096		0.0	0.0	0.0	0.0	0.5014768838882446	0.7855141758918762	0.0	0.0	0.0	0.0	0.0	0.0	0.0	0.0	0.5699730515480042	0.21448585391044617	0.0	0.0	0.0	0.0
0.11354551464319229		0.012500000186264515	23	0.0		0.0		0.7415950298309326		0.0		0.0		0.0		0.0		0.32947075366973877		0.0		0.0		-0.2856667935848236		0.012500000186264515	0.10655152052640915		0.05627378821372986		0.07176783680915833		0.056282319128513336		0.9973142743110657		0.006935546640306711		0.003479840699583292		0.10970313102006912		0.13356028497219086		0.003560211043804884		0.1302594244480133		0.012500000186264515	0.17347222566604614		0.09497376531362534		0.7319667935371399		0.17920681834220886		0.1680932492017746		0.8652990460395813		0.7625789642333984		0.7625789642333984		0.7625789642333984		1.0		0.05656270682811737		0.012500000186264515	0.0		0.0		0.8484041690826416		0.0		0.0		0.0		0.0		0.22205926477909088		0.0		0.0		0.356940895318985		0.012500000186264515	0.0		0.0		0.5003746151924133		0.0		0.0		0.0		0.0		0.5702035427093506		0.0		0.0	
0.07496277987957001	-1.3964660167694092		24	0.0	0.0	0.0	0.0	0.7421751022338867	0.7281334400177002	0.0	0.0	0.0	0.0	0.0	0.0	0.0	0.0	0.3287495970726013	0.2718665897846222	0.0	0.0	0.0	0.0	-0.5167600512504578	-0.9482072591781616		0.10478942096233368	0.09117496013641357	0.05529170110821724	0.047764964401721954	0.18259382247924805	0.40058737993240356	0.0557556226849556	0.049105770885944366	0.8691984415054321	0.6362770199775696	0.0037388934288173914	0.0	0.0018729481380432844	0.0	0.11531001329421997	0.047254692763090134	0.11478220671415329	0.0	0.0019003982888534665	0.0	0.11213767528533936	1.2921109199523926		0.05850861594080925	0.20460699498653412	0.03013591282069683	0.11396222561597824	0.7407510280609131	0.7216794490814209	0.07484665513038635	0.20533746480941772	0.04802532121539116	0.20388169586658478	0.864996075630188	0.9037610292434692	0.7621084451675415	0.8244196772575378	0.7621084451675415	0.8244196772575378	0.7621084451675415	0.8244196772575378	1.0	1.0	0.051258061081171036	-1.6038119792938232		0.0	0.0	0.0	0.0	0.8476467728614807	0.8977420926094055	0.0	0.0	0.0	0.0	0.0	0.0	0.0	0.0	0.2231314778327942	0.10225789248943329	0.0	0.0	0.0	0.0	0.34497401118278503	1.0938184261322021		0.0	0.0	0.0	0.0	0.4981389045715332	0.7871248126029968	0.0	0.0	0.0	0.0	0.0	0.0	0.0	0.0	0.5724026560783386	0.21287520229816437	0.0	0.0	0.0	0.0
0.05907683074474335		0.012500000186264515	25	0.0		0.0		0.7416059374809265		0.0		0.0		0.0		0.0		0.32924410700798035		0.0		0.0		0.8752382397651672		0.012500000186264515	0.08902556449174881		0.046586476266384125		0.8130530118942261		0.061192914843559265		0.1633000671863556		0.08098959922790527		0.04220383241772652		0.16180828213691711		0.9383738040924072		0.042321134358644485		0.11002670973539352		0.012500000186264515	0.06412596255540848		0.03312506899237633		0.7369427680969238		0.08112354576587677		0.05301738530397415		0.8634878396987915		0.7597700357437134		0.7597700357437134		0.7597700357437134		1.0		0.04562705010175705		0.012500000186264515	0.0		0.0		0.8490757942199707		0.0		0.0		0.0		0.0		0.2214539796113968		0.0		0.0		0.33620485663414		0.012500000186264515	0.0		0.0		0.4989560842514038		0.0		0.0		0.0		0.0		0.5720124840736389		0.0		0.0	
0.05627063661813736	-1.158045768737793		26	0.0	0.0	0.0	0.0	0.7374688386917114	0.7212169170379639	0.0	0.0	0.0	0.0	0.0	0.0	0.0	0.0	0.33401602506637573	0.2787831127643585	0.0	0.0	0.0	0.0	0.6701284050941467	3.5660829544067383		0.08258289098739624	0.07519151270389557	0.04306986555457115	0.03906441479921341	0.8308178186416626	0.7812653183937073	0.05910862609744072	0.047111473977565765	0.1369846910238266	0.18613331019878387	0.14635051786899567	0.0014980441192165017	0.07895264029502869	0.0007495835307054222	0.19187794625759125	0.04846571758389473	0.9369332790374756	0.9716033339500427	0.07937447726726532	0.0007495999452657998	0.298556387424469	2.228208065032959		0.08799152076244354	0.2874618172645569	0.04602046683430672	0.16785717010498047	0.7142643332481384	0.17106428742408752	0.0944572314620018	0.16789458692073822	0.08235426992177963	0.9986743330955505	0.8646504282951355	0.9086351990699768	0.7615719437599182	0.8325678110122681	0.7615719437599182	0.8325678110122681	0.7615719437599182	0.8325678110122681	1.0	1.0	0.043222639709711075	9.920915603637695		0.0	0.0	0.0	0.0	0.8479389548301697	0.8945052027702332	0.0	0.0	0.0	0.0	0.0	0.0	0.0	0.0	0.22342830896377563	0.10549477487802505	0.0	0.0	0.0	0.0	0.3188934624195099	1.1852152347564697		0.0	0.0	0.0	0.0	0.5011337995529175	0.7865865230560303	0.0	0.0	0.0	0.0	0.0	0.0	0.0	0.0	0.569373607635498	0.21341347694396973	0.0	0.0	0.0	0.0
0.053064025938510895		0.012500000186264515	27	0.0		0.0		0.7391754984855652		0.0		0.0		0.0		0.0		0.33239081501960754		0.0		0.0																									0.26571425795555115		0.012500000186264515	0.27570396661758423		0.15989363193511963		0.7213865518569946		0.24364565312862396		0.3174767792224884		0.8652510643005371		0.7625044584274292		0.7625044584274292		0.7625044584274292		1.0		0.04118441045284271		0.012500000186264515	0.0		0.0		0.8486289381980896		0.0		0.0		0.0		0.0		0.22218094766139984		0.0		0.0		0.30456897616386414		0.012500000186264515	0.0		0.0		0.5021020174026489		0.0		0.0		0.0		0.0		0.5696431398391724		0.0		0.0	
0.051997438073158264	1.8569142818450928		28	0.0	0.0	0.0	0.0	0.7438661456108093	0.7247514128684998	0.0	0.0	0.0	0.0	0.0	0.0	0.0	0.0	0.3265816867351532	0.27524858713150024	0.0	0.0	0.0	0.0																								0.11907891929149628	1.223859429359436		0.09013470262289047	0.17882660031318665	0.04719427227973938	0.09819307178258896	0.7468293905258179	0.6461280584335327	0.1136351153254509	0.14642541110515594	0.07468865066766739	0.2296420931816101	0.8646742701530457	0.9084230065345764	0.7616090178489685	0.8322116136550903	0.7616090178489685	0.8322116136550903	0.7616090178489685	0.8322116136550903	1.0	1.0	0.03738696873188019	-0.4905976355075836		0.0	0.0	0.0	0.0	0.8476690649986267	0.8964254856109619	0.0	0.0	0.0	0.0	0.0	0.0	0.0	0.0	0.22306229174137115	0.10357453674077988	0.0	0.0	0.0	0.0	0.2984801232814789	1.3018337488174438		0.0	0.0	0.0	0.0	0.5007989406585693	0.7789082527160645	0.0	0.0	0.0	0.0	0.0	0.0	0.0	0.0	0.5706684589385986	0.22109173238277435	0.0	0.0	0.0	0.0
0.04977104812860489		0.012500000186264515	29	0.0		0.0		0.7390894293785095		0.0		0.0		0.0		0.0		0.3319290578365326		0.0		0.0																									0.11479970812797546		0.012500000186264515	0.06558796018362045		0.033905889838933945		0.7444623112678528		0.08401653915643692		0.05378951504826546		0.8654356598854065		0.7627911567687988		0.7627911567687988		0.7627911567687988		1.0		0.03855236619710922		0.012500000186264515	0.0		0.0		0.8466643691062927		0.0		0.0		0.0		0.0		0.22421050071716309		0.0		0.0		0.28232714533805847		0.012500000186264515	0.0		0.0		0.4995541572570801		0.0		0.0		0.0		0.0		0.571927547454834		0.0		0.0	
0.0449647381901741	-0.8645352125167847		30	0.0	0.0	0.0	0.0	0.7408925294876099	0.7241165041923523	0.0	0.0	0.0	0.0	0.0	0.0	0.0	0.0	0.3291257917881012	0.2758834958076477	0.0	0.0	0.0	0.0																								0.10309778153896332	1.0568135976791382		0.03200766444206238	0.05460823327302933	0.016264120116829872	0.028070557862520218	0.7511110901832581	0.7777695059776306	0.04626438766717911	0.10289202630519867	0.024467743933200836	0.03716700151562691	0.8643559813499451	0.9054960608482361	0.761115312576294	0.8273118734359741	0.761115312576294	0.8273118734359741	0.761115312576294	0.8273118734359741	1.0	1.0	0.03575266897678375	10.977155685424805		0.0	0.0	0.0	0.0	0.848365306854248	0.8922848105430603	0.0	0.0	0.0	0.0	0.0	0.0	0.0	0.0	0.22180767357349396	0.1077151894569397	0.0	0.0	0.0	0.0	0.2813073396682739	1.4435133934020996		0.0	0.0	0.0	0.0	0.4997643530368805	0.7877207398414612	0.0	0.0	0.0	0.0	0.0	0.0	0.0	0.0	0.569987416267395	0.2122792750597	0.0	0.0	0.0	0.0
0.041910380125045776		0.012500000186264515	31	0.0		0.0		0.7412785887718201		0.0		0.0		0.0		0.0		0.3293267786502838		0.0		0.0																									0.10091529041528702		0.012500000186264515	0.02872789464890957		0.014573276974260807		0.7524674534797668		0.04179506003856659		0.021885443478822708		0.8648090958595276		0.7618181705474854		0.7618181705474854		0.7618181705474854		1.0		0.030789228156208992		0.012500000186264515	0.0		0.0		0.8479868173599243		0.0		0.0		0.0		0.0		0.2233377993106842		0.0		0.0		0.2636502683162689		0.012500000186264515	0.0		0.0		0.49952101707458496		0.0		0.0		0.0		0.0		0.5716526508331299		0.0		0.0	
0.04353421553969383	1.0942902565002441		32	0.0	0.0	0.0	0.0	0.7398926019668579	0.7253904342651367	0.0	0.0	0.0	0.0	0.0	0.0	0.0	0.0	0.33164191246032715	0.2746095359325409	0.0	0.0	0.0	0.0																								0.09603924304246902	0.9731526374816895		0.01947793923318386	0.007093226071447134	0.00983474962413311	0.003559236181899905	0.7562515139579773	0.8268003463745117	0.03016010671854019	0.1277332603931427	0.014383545145392418	0.0036478997208178043	0.864380955696106	0.9073464870452881	0.7611539363861084	0.8304064273834229	0.7611539363861084	0.8304064273834229	0.7611539363861084	0.8304064273834229	1.0	1.0	0.03465321660041809	-0.6575026512145996		0.0	0.0	0.0	0.0	0.8485204577445984	0.8956477046012878	0.0	0.0	0.0	0.0	0.0	0.0	0.0	0.0	0.22224515676498413	0.10435231029987335	0.0	0.0	0.0	0.0	0.2521432936191559	1.1776022911071777		0.0	0.0	0.0	0.0	0.5006625056266785	0.79218989610672	0.0	0.0	0.0	0.0	0.0	0.0	0.0	0.0	0.5709509253501892	0.20781007409095764	0.0	0.0	0.0	0.0
0.03877519071102142		0.012500000186264515	33	0.0		0.0		0.7393917441368103		0.0		0.0		0.0		0.0		0.3314427435398102		0.0		0.0																									0.12218154966831207		0.012500000186264515	0.08458974957466125		0.04416273161768913		0.7274806499481201		0.09833230078220367		0.07421740889549255		0.8635880351066589		0.759925127029419		0.759925127029419		0.759925127029419		1.0		0.029372556135058403		0.012500000186264515	0.0		0.0		0.8468033671379089		0.0		0.0		0.0		0.0		0.22363464534282684		0.0		0.0		0.2493429034948349		0.012500000186264515	0.0		0.0		0.4989185631275177		0.0		0.0		0.0		0.0		0.5718104243278503		0.0		0.0	
0.03329483047127724	-0.9271383285522461		34	0.0	0.0	0.0	0.0	0.7410678863525391	0.7231717109680176	0.0	0.0	0.0	0.0	0.0	0.0	0.0	0.0	0.330233633518219	0.2768283188343048	0.0	0.0	0.0	0.0																								0.09488487988710403	0.9502517580986023		0.01289993803948164	0.006020115688443184	0.006491841282695532	0.00301914568990469	0.7577236890792847	0.8232264518737793	0.02128433994948864	0.10529153794050217	0.00925440900027752	0.003098641289398074	0.862341582775116	0.9054530262947083	0.7579969167709351	0.827239990234375	0.7579969167709351	0.827239990234375	0.7579969167709351	0.827239990234375	1.0	1.0	0.02566412463784218	-0.3206034004688263		0.0	0.0	0.0	0.0	0.8484249114990234	0.89396071434021	0.0	0.0	0.0	0.0	0.0	0.0	0.0	0.0	0.22122448682785034	0.10603930056095123	0.0	0.0	0.0	0.0	0.2391943335533142	1.1215999126434326		0.0	0.0	0.0	0.0	0.5006789565086365	0.7806814908981323	0.0	0.0	0.0	0.0	0.0	0.0	0.0	0.0	0.5701266527175903	0.2193184792995453	0.0	0.0	0.0	0.0
0.03041146695613861		0.012500000186264515	35	0.0		0.0		0.7406904697418213		0.0		0.0		0.0		0.0		0.33037182688713074		0.0		0.0																																																0.021863581612706184		0.012500000186264515	0.0		0.0		0.8478979468345642		0.0		0.0		0.0		0.0		0.2227679044008255		0.0		0.0		0.2251996546983719		0.012500000186264515	0.0		0.0		0.49989426136016846		0.0		0.0		0.0		0.0		0.5713686347007751		0.0		0.0	
0.037189044058322906	-0.7999802827835083		36	0.0	0.0	0.0	0.0	0.7360466122627258	0.7208101749420166	0.0	0.0	0.0	0.0	0.0	0.0	0.0	0.0	0.335031658411026	0.2791898548603058	0.0	0.0	0.0	0.0																																															0.02070779725909233	-0.20141637325286865		0.0	0.0	0.0	0.0	0.8474528193473816	0.8951407074928284	0.0	0.0	0.0	0.0	0.0	0.0	0.0	0.0	0.22300751507282257	0.10485927015542984	0.0	0.0	0.0	0.0	0.21663029491901398	1.6606146097183228		0.0	0.0	0.0	0.0	0.5000669956207275	0.7917342185974121	0.0	0.0	0.0	0.0	0.0	0.0	0.0	0.0	0.5704473853111267	0.20826581120491028	0.0	0.0	0.0	0.0
0.02642262540757656		0.012500000186264515	37	0.0		0.0		0.7424208521842957		0.0		0.0		0.0		0.0		0.32844242453575134		0.0		0.0																																																0.016329564154148102		0.012500000186264515	0.0		0.0		0.8486819267272949		0.0		0.0		0.0		0.0		0.22278474271297455		0.0		0.0		0.21351763606071472		0.012500000186264515	0.0		0.0		0.4990554451942444		0.0		0.0		0.0		0.0		0.5713151097297668		0.0		0.0	
0.022166525945067406	-0.2648613452911377		38	0.0	0.0	0.0	0.0	0.7415049076080322	0.7233477830886841	0.0	0.0	0.0	0.0	0.0	0.0	0.0	0.0	0.32871919870376587	0.2766522169113159	0.0	0.0	0.0	0.0																																															0.020460227504372597	1.434004783630371		0.0	0.0	0.0	0.0	0.8478156924247742	0.89351886510849	0.0	0.0	0.0	0.0	0.0	0.0	0.0	0.0	0.22264811396598816	0.1064811572432518	0.0	0.0	0.0	0.0	0.2042757272720337	1.3823678493499756		0.0	0.0	0.0	0.0	0.49815675616264343	0.7784998416900635	0.0	0.0	0.0	0.0	0.0	0.0	0.0	0.0	0.5723431706428528	0.22150014340877533	0.0	0.0	0.0	0.0
0.01775628700852394		0.012500000186264515	39	0.0		0.0		0.7407702803611755		0.0		0.0		0.0		0.0		0.3301088213920593		0.0		0.0																																																0.017839904874563217		0.012500000186264515	0.0		0.0		0.8487187027931213		0.0		0.0		0.0		0.0		0.22237461805343628		0.0		0.0		0.19631363451480865		0.012500000186264515	0.0		0.0		0.5022685527801514		0.0		0.0		0.0		0.0		0.5691062211990356		0.0		0.0	
0.013481282629072666	-0.3059810698032379		40	0.0	0.0	0.0	0.0	0.7401091456413269	0.7230180501937866	0.0	0.0	0.0	0.0	0.0	0.0	0.0	0.0	0.3311516344547272	0.276981920003891	0.0	0.0	0.0	0.0																																															0.009469437412917614	-0.8188875913619995		0.0	0.0	0.0	0.0	0.8474999666213989	0.89439857006073	0.0	0.0	0.0	0.0	0.0	0.0	0.0	0.0	0.2225738763809204	0.10560140758752823	0.0	0.0	0.0	0.0	0.19258974492549896	3.022996664047241		0.0	0.0	0.0	0.0	0.4991324841976166	0.786590039730072	0.0	0.0	0.0	0.0	0.0	0.0	0.0	0.0	0.5715283155441284	0.21340999007225037	0.0	0.0	0.0	0.0
0.00837345514446497		0.012500000186264515	41	0.0		0.0		0.7442585229873657		0.0		0.0		0.0		0.0		0.3265542984008789		0.0		0.0																																																0.005970066413283348		0.012500000186264515	0.0		0.0		0.8479486107826233		0.0		0.0		0.0		0.0		0.2226775586605072		0.0		0.0		0.18160834908485413		0.012500000186264515	0.0		0.0		0.5001224279403687		0.0		0.0		0.0		0.0		0.5703797340393066		0.0		0.0	
0.041782017797231674	0.9801837205886841		42	0.0	0.0	0.0	0.0	0.7445217967033386	0.7267016768455505	0.0	0.0	0.0	0.0	0.0	0.0	0.0	0.0	0.3276015818119049	0.27329832315444946	0.0	0.0	0.0	0.0																																															0.0035582822747528553	1.1194318532943726		0.0	0.0	0.0	0.0	0.8477096557617188	0.893876314163208	0.0	0.0	0.0	0.0	0.0	0.0	0.0	0.0	0.2227519154548645	0.10612370073795319	0.0	0.0	0.0	0.0	0.21010412275791168	3.663336992263794		0.0	0.0	0.0	0.0	0.499883770942688	0.7929988503456116	0.0	0.0	0.0	0.0	0.0	0.0	0.0	0.0	0.5712246298789978	0.20700114965438843	0.0	0.0	0.0	0.0
0.05429282411932945		0.012500000186264515	43	0.0		0.0		0.7407215237617493		0.0		0.0		0.0		0.0		0.32961753010749817		0.0		0.0																																																0.0035031705629080534		0.012500000186264515	0.0		0.0		0.8482212424278259		0.0		0.0		0.0		0.0		0.22292327880859375		0.0		0.0		0.1728958785533905		0.012500000186264515	0.0		0.0		0.49886423349380493		0.0		0.0		0.0		0.0		0.5718463063240051		0.0		0.0	
-0.005978675093501806	2.6207282543182373		44	0.0	0.0	0.0	0.0	0.7409200072288513	0.732114315032959	0.0	0.0	0.0	0.0	0.0	0.0	0.0	0.0	0.33021196722984314	0.267885684967041	0.0	0.0	0.0	0.0																																															-0.0034247583243995905	48.98319625854492		0.0	0.0	0.0	0.0	0.8481115102767944	0.8943068981170654	0.0	0.0	0.0	0.0	0.0	0.0	0.0	0.0	0.22285199165344238	0.10569311678409576	0.0	0.0	0.0	0.0	0.16494214534759521	4.98753023147583		0.0	0.0	0.0	0.0	0.5001084804534912	0.793827474117279	0.0	0.0	0.0	0.0	0.0	0.0	0.0	0.0	0.570803701877594	0.20617249608039856	0.0	0.0	0.0	0.0
-0.016702523455023766		0.012500000186264515	45	0.0		0.0		0.7415066957473755		0.0		0.0		0.0		0.0		0.3289774954319		0.0		0.0																																																-0.006982800550758839		0.012500000186264515	0.0		0.0		0.848705530166626		0.0		0.0		0.0		0.0		0.2224370390176773		0.0		0.0		0.1585826873779297		0.012500000186264515	0.0		0.0		0.5005401372909546		0.0		0.0		0.0		0.0		0.5703712701797485		0.0		0.0	
-0.031144216656684875	0.28114861249923706		46	0.0	0.0	0.0	0.0	0.7383110523223877	0.7266348004341125	0.0	0.0	0.0	0.0	0.0	0.0	0.0	0.0	0.3319321274757385	0.27336522936820984	0.0	0.0	0.0	0.0																																															-0.012689279392361641	0.23761627078056335		0.0	0.0	0.0	0.0	0.8469522595405579	0.8947262763977051	0.0	0.0	0.0	0.0	0.0	0.0	0.0	0.0	0.22400254011154175	0.10527374595403671	0.0	0.0	0.0	0.0	0.15244069695472717	8.988014221191406		0.0	0.0	0.0	0.0	0.4991377294063568	0.7880023121833801	0.0	0.0	0.0	0.0	0.0	0.0	0.0	0.0	0.5715660452842712	0.21199767291545868	0.0	0.0	0.0	0.0
-0.05928200110793114		0.012500000186264515	47	0.0		0.0		0.7407023906707764		0.0		0.0		0.7806159853935242		0.6401723623275757		0.664350688457489		0.6943528652191162		0.8913535475730896																																																-0.015380623750388622		0.012500000186264515	0.0		0.0		0.8482143878936768		0.0		0.0		0.0		0.0		0.22291576862335205		0.0		0.0		0.14890369772911072		0.012500000186264515	0.0		0.0		0.4997206926345825		0.0		0.0		0.0		0.0		0.5705986618995667		0.0		0.0	
-0.19454169273376465	0.9538319110870361		48	0.0	0.0	0.0	0.0	0.741855800151825	0.7250546216964722	0.0	0.0	0.0	0.0	0.8000381588935852	0.0	0.6667196154594421	0.0	0.6790962219238281	0.27494537830352783	0.6873821020126343	0.0	0.9568591713905334	0.0																																															-0.020897120237350464	0.3412327170372009		0.0	0.0	0.0	0.0	0.8484047651290894	0.8928194642066956	0.0	0.0	0.0	0.0	0.0	0.0	0.0	0.0	0.22237126529216766	0.10718051344156265	0.0	0.0	0.0	0.0	0.14299710094928741	3.141662836074829		0.0	0.0	0.0	0.0	0.4988081157207489	0.7788554430007935	0.0	0.0	0.0	0.0	0.0	0.0	0.0	0.0	0.5718690752983093	0.22114457190036774	0.0	0.0	0.0	0.0
2.905651330947876		0.012500000186264515	49	0.0		0.0		0.740601658821106		0.0		0.0		0.8019679188728333		0.6694043874740601		0.6706981658935547		0.6710432171821594		0.9963650107383728																																																-0.028520144522190094		0.012500000186264515	0.0		0.0		0.8482943177223206		0.0		0.0		0.0		0.0		0.22219033539295197		0.0		0.0		0.13377737998962402		0.012500000186264515	0.0		0.0		0.5001936554908752		0.0		0.0		0.0		0.0		0.5701767802238464		0.0		0.0	
0.6505147218704224	0.7072977423667908		50	0.0	0.0	0.0	0.0	0.7375171780586243	0.7230650186538696	0.0	0.0	0.0	0.0	0.800061821937561	0.8392665982246399	0.6667525172233582	0.7230485677719116	0.6668594479560852	0.7230528593063354	0.6669623851776123	0.7230685949325562	0.9995282888412476	0.9999616146087646																																															-0.03719614818692207	-0.10428470373153687		0.0	0.0	0.0	0.0	0.8479463458061218	0.897215723991394	0.0	0.0	0.0	0.0	0.0	0.0	0.0	0.0	0.22282356023788452	0.10278429090976715	0.0	0.0	0.0	0.0	0.13938087224960327	2.058497190475464		0.0	0.0	0.0	0.0	0.4984726011753082	0.7845718264579773	0.0	0.0	0.0	0.0	0.0	0.0	0.0	0.0	0.5719852447509766	0.2154281735420227	0.0	0.0	0.0	0.0
0.6532347798347473		0.012500000186264515	51	0.0		0.0		0.7398634552955627		0.0		0.0		0.8016515970230103		0.6689637303352356		0.6693115830421448		0.6694955825805664		0.9988138675689697																																																-0.04419717565178871		0.012500000186264515	0.0		0.0		0.8472409844398499		0.0		0.0		0.0		0.0		0.22371013462543488		0.0		0.0		0.12668044865131378		0.012500000186264515	0.0		0.0		0.4987757205963135		0.0		0.0		0.0		0.0		0.5710963010787964		0.0		0.0	
0.5998607277870178	0.6027055978775024		52	0.0	0.0	0.0	0.0	0.7396948337554932	0.7233993411064148	0.0	0.0	0.0	0.0	0.8015526533126831	0.8291192054748535	0.6688259243965149	0.708115816116333	0.671825110912323	0.7116789221763611	0.6729109883308411	0.7256945967674255	0.991005003452301	0.9669232964515686																																															-0.05423244833946228	1.2087137699127197		0.0	0.0	0.0	0.0	0.8483934998512268	0.8937662243843079	0.0	0.0	0.0	0.0	0.0	0.0	0.0	0.0	0.22180700302124023	0.10623377561569214	0.0	0.0	0.0	0.0	0.12242291122674942	25.617935180664062		0.0	0.0	0.0	0.0	0.4982173442840576	0.7752916216850281	0.0	0.0	0.0	0.0	0.0	0.0	0.0	0.0	0.5713813304901123	0.22470839321613312	0.0	0.0	0.0	0.0
2.417280435562134		0.012500000186264515	53	0.0		0.0		0.7390462756156921		0.0		0.0		0.7321721911430359		0.5775012969970703		0.6209904551506042		0.6937488317489624		0.7751012444496155																																																-0.06570934504270554		0.012500000186264515	0.0		0.0		0.8489160537719727		0.0		0.0		0.778877854347229		0.6378377676010132		0.673367440700531		0.8234776258468628		0.7388609647750854		0.11649315804243088		0.012500000186264515	0.0		0.0		0.5013976693153381		0.0		0.0		0.0		0.0		0.5693485736846924		0.0		0.0	
0.15410871803760529	0.591340184211731		54	0.0	0.0	0.0	0.0	0.7418174743652344	0.7165483832359314	0.0	0.0	0.0	0.0	0.75069659948349	0.8245898485183716	0.6008921265602112	0.7015336751937866	0.6415919661521912	0.701878547668457	0.7035303115844727	0.7128273844718933	0.804641604423523	0.9779147505760193																																															-0.0738714411854744	-0.39894533157348633		0.0	0.0	0.0	0.0	0.8491914868354797	0.8930073976516724	0.0	0.0	0.0	0.0	0.8718278408050537	0.8317839503288269	0.7727790474891663	0.7120121121406555	0.787299394607544	0.7187609076499939	0.8203513622283936	0.8927205801010132	0.9301969408988953	0.778634786605835	0.1126374900341034	-5.626130104064941		0.0	0.0	0.0	0.0	0.5007404685020447	0.7934117913246155	0.0	0.0	0.0	0.0	0.0	0.0	0.0	0.0	0.570699155330658	0.20658819377422333	0.0	0.0	0.0	0.0
-0.05794743448495865		0.012500000186264515	55	0.0		0.0		0.740085780620575		0.0		0.0		0.7987430691719055		0.6649227738380432		0.6870680451393127		0.7014086842536926		0.9274444580078125																																																-0.0944712683558464		0.012500000186264515	0.0		0.0		0.8484381437301636		0.0		0.0		0.8864842653274536		0.7961128950119019		0.8075056672096252		0.8189234733581543		0.9661948680877686		0.1062031090259552		0.012500000186264515	0.0		0.0		0.5020645260810852		0.0		0.0		0.0		0.0		0.5686293840408325		0.0		0.0	
-0.5115723609924316	0.6188172101974487		56	0.0	0.0	0.0	0.0	0.7422447204589844	0.7216744422912598	0.0	0.0	0.0	0.0	0.8017435073852539	0.8382018804550171	0.6690917015075684	0.7214694619178772	0.6785784363746643	0.7215582728385925	0.6837403774261475	0.7217836380004883	0.9689734578132629	0.9993970394134521																																															-0.12939167022705078	1.0456141233444214		0.0	0.0	0.0	0.0	0.8467910289764404	0.8913049697875977	0.0	0.0	0.0	0.0	0.8930959105491638	0.0	0.8068413138389587	0.0	0.8149677515029907	0.10869504511356354	0.8093025088310242	0.0	0.9962449669837952	0.0	0.13227637112140656	1.6681665182113647		0.0	0.0	0.0	0.0	0.4995322525501251	0.7810232639312744	0.0	0.0	0.0	0.0	0.0	0.0	0.0	0.0	0.5713604688644409	0.2189767211675644	0.0	0.0	0.0	0.0
0.008843890391290188		0.012500000186264515	57	0.0		0.0		0.7390279769897461		0.0		0.0		0.6161200404167175		0.44521206617355347		0.5425499677658081		0.7011264562606812		0.5494975447654724																																																-0.17977415025234222		0.012500000186264515	0.0		0.0		0.848418116569519		0.0		0.0		0.8911565542221069		0.8036811351776123		0.8105226159095764		0.8057624697685242		0.9967962503433228		0.10584735125303268		0.012500000186264515	0.0		0.0		0.5011655688285828		0.0		0.0		0.0		0.0		0.5705838203430176		0.0		0.0	
0.693844199180603	5.831579685211182		58	0.0	0.0	0.0	0.0	0.7419477701187134	0.7228764891624451	0.0	0.0	0.0	0.0	0.5550589561462402	0.7553393840789795	0.3841395378112793	0.6068637371063232	0.49279433488845825	0.6169295310974121	0.6750460863113403	0.7015826106071472	0.4712889790534973	0.8180176019668579																																															-0.06422338634729385	0.9509505033493042		0.0	0.0	0.0	0.0	0.8468784093856812	0.8937951326370239	0.0	0.0	0.0	0.0	0.8469908237457275	0.0	0.7345916032791138	0.0	0.7447332143783569	0.10620488226413727	0.7910882830619812	0.0	0.9113948941230774	0.0	0.1040637195110321	1.166959285736084		0.0	0.0	0.0	0.0	0.5012349486351013	0.7996110916137695	0.0	0.0	0.0	0.0	0.0	0.0	0.0	0.0	0.56955885887146	0.20038893818855286	0.0	0.0	0.0	0.0
			59																																																																			0.5783891081809998		0.012500000186264515	0.0		0.0		0.8483691811561584		0.0		0.0		0.8726463317871094		0.7740662097930908		0.7765234112739563		0.7843360304832458		0.9833658933639526		0.10160794854164124		0.012500000186264515	0.0		0.0		0.5000790953636169		0.0		0.0		0.0		0.0		0.5702289342880249		0.0		0.0	
			60																																																																			0.7675881385803223	0.8318284749984741		0.0	0.0	0.0	0.0	0.8478527069091797	0.8955579400062561	0.0	0.0	0.0	0.0	0.8720129728317261	0.9446892142295837	0.7730700373649597	0.8951762914657593	0.7733296155929565	0.8951779007911682	0.7774497866630554	0.8955304026603699	0.9927655458450317	0.9995583891868591	0.09467919915914536	-5.115771770477295		0.0	0.0	0.0	0.0	0.4987923204898834	0.78431636095047	0.0	0.0	0.0	0.0	0.0	0.0	0.0	0.0	0.5715174078941345	0.21568362414836884	0.0	0.0	0.0	0.0
			61																																																																			0.7922722101211548		0.012500000186264515	0.0		0.0		0.847425639629364		0.0		0.0		0.3666514754295349		0.22447839379310608		0.3541223108768463		0.7706670761108398		0.24054685235023499		0.09302967041730881		0.012500000186264515	0.0		0.0		0.5004699230194092		0.0		0.0		0.0		0.0		0.5692451000213623		0.0		0.0	
			62																																																																			0.44523945450782776	0.556300163269043		0.0	0.0	0.0	0.0	0.8478726744651794	0.8962106704711914	0.0	0.0	0.0	0.0	0.6176851987838745	0.6175641417503357	0.44684845209121704	0.44672173261642456	0.513305127620697	0.4766829311847687	0.7929592132568359	0.8948739767074585	0.5058690309524536	0.4714636504650116	0.10166517645120621	2.6244664192199707		0.0	0.0	0.0	0.0	0.49983397126197815	0.7870250940322876	0.0	0.0	0.0	0.0	0.0	0.0	0.0	0.0	0.5708098411560059	0.2129749357700348	0.0	0.0	0.0	0.0
			63																																																																			0.44482263922691345		0.012500000186264515	0.0		0.0		0.8478804230690002		0.0		0.0		0.8712615370750427		0.7718896269798279		0.7737681865692139		0.7809877395629883		0.9851322174072266		0.09173155575990677		0.012500000186264515	0.0		0.0		0.4994499385356903		0.0		0.0		0.0		0.0		0.5712770819664001		0.0		0.0	
			64																																																																			0.6529626250267029	0.6830676198005676		0.0	0.0	0.0	0.0	0.8491566777229309	0.8969441652297974	0.0	0.0	0.0	0.0	0.8736611604690552	0.9454705715179443	0.7756645679473877	0.8965805768966675	0.7760087251663208	0.8965824842453003	0.7779005169868469	0.8969217538833618	0.9963080883026123	0.9995759129524231	0.08913769572973251	-3.12245512008667		0.0	0.0	0.0	0.0	0.5005358457565308	0.7874376773834229	0.0	0.0	0.0	0.0	0.0	0.0	0.0	0.0	0.5703789591789246	0.21256230771541595	0.0	0.0	0.0	0.0
			65																																																																			0.5206357836723328		0.012500000186264515	0.0		0.0		0.8483455181121826		0.0		0.0		0.8030129075050354		0.6708617806434631		0.6803460717201233		0.7709187865257263		0.8378953337669373		0.08705132454633713		0.012500000186264515	0.0		0.0		0.5004132390022278		0.0		0.0		0.0		0.0		0.571119487285614		0.0		0.0	
			66																																																																			0.24125631153583527	1.4166779518127441		0.0	0.0	0.0	0.0	0.8478553891181946	0.8988783955574036	0.0	0.0	0.0	0.0	0.6032230854034424	0.9368410110473633	0.4318678677082062	0.8811862468719482	0.4884646534919739	0.8814540505409241	0.7596389651298523	0.8989156484603882	0.5002230405807495	0.9781075119972229	0.1384257823228836	-4.741602420806885		0.0	0.0	0.0	0.0	0.4971208870410919	0.7802674770355225	0.0	0.0	0.0	0.0	0.0	0.0	0.0	0.0	0.5730847120285034	0.21973252296447754	0.0	0.0	0.0	0.0
			67																																																																			0.2809074819087982		0.012500000186264515	0.0		0.0		0.8488631844520569		0.0		0.0		0.8456491827964783		0.732575535774231		0.7369579076766968		0.7782004475593567		0.9258993864059448		0.09794063866138458		0.012500000186264515	0.0		0.0		0.49974897503852844		0.0		0.0		0.0		0.0		0.5711541175842285		0.0		0.0	
			68																																																																			1.0303688049316406	0.9973134398460388		0.0	0.0	0.0	0.0	0.8469270467758179	0.897894024848938	0.0	0.0	0.0	0.0	0.10391068458557129	0.2238229364156723	0.054802633821964264	0.1260138750076294	0.25448691844940186	0.2033134251832962	0.7737448811531067	0.8937123417854309	0.05569515749812126	0.1279311180114746	0.08873110264539719	-2.550098419189453		0.0	0.0	0.0	0.0	0.49970901012420654	0.8026468753814697	0.0	0.0	0.0	0.0	0.0	0.0	0.0	0.0	0.5713681578636169	0.19735313951969147	0.0	0.0	0.0	0.0
			69																																																																			0.805702805519104		0.012500000186264515	0.0		0.0		0.8482978940010071		0.0		0.0		0.23732469975948334		0.1346389204263687		0.3049536645412445		0.806361198425293		0.13913752138614655		0.08709809184074402		0.012500000186264515	0.0		0.0		0.4992331266403198		0.0		0.0		0.0		0.0		0.5714642405509949		0.0		0.0	
			70																																																																			0.6813564896583557	0.7499940395355225		0.0	0.0	0.0	0.0	0.8487069010734558	0.8939392566680908	0.0	0.0	0.0	0.0	0.23029348254203796	0.0918455645442009	0.13013088703155518	0.04813319444656372	0.2989303171634674	0.14440086483955383	0.7862050533294678	0.8977994918823242	0.13490474224090576	0.04839837923645973	0.08523310720920563	4.098331928253174		0.0	0.0	0.0	0.0	0.49867528676986694	0.777459442615509	0.0	0.0	0.0	0.0	0.0	0.0	0.0	0.0	0.5717760920524597	0.22254052758216858	0.0	0.0	0.0	0.0
			71																																																																			0.5618762969970703		0.012500000186264515	0.0		0.0		0.8477924466133118		0.0		0.0		0.2002827376127243		0.11128567159175873		0.28506192564964294		0.7691867351531982		0.11513033509254456		0.08351241052150726		0.012500000186264515	0.0		0.0		0.4992290437221527		0.0		0.0		0.0		0.0		0.5722790360450745		0.0		0.0	
			72																																																																			0.4311411380767822	0.39291542768478394		0.0	0.0	0.0	0.0	0.847702145576477	0.8960474729537964	0.0	0.0	0.0	0.0	0.2273576706647873	0.234604150056839	0.12825919687747955	0.13289040327072144	0.2948577404022217	0.21095535159111023	0.7673770785331726	0.8967477083206177	0.13344770669937134	0.13495536148548126	0.08864906430244446	1.774718999862671		0.0	0.0	0.0	0.0	0.4988018870353699	0.7893857359886169	0.0	0.0	0.0	0.0	0.0	0.0	0.0	0.0	0.5719437599182129	0.21061427891254425	0.0	0.0	0.0	0.0
			73																																																																																										0.08366801589727402		0.012500000186264515	0.0		0.0		0.5001895427703857		0.0		0.0		0.0		0.0		0.5713549852371216		0.0		0.0	
			74																																																																																										0.08833695948123932	-2.5907647609710693		0.0	0.0	0.0	0.0	0.4984743297100067	0.7777132391929626	0.0	0.0	0.0	0.0	0.0	0.0	0.0	0.0	0.5726748704910278	0.22228674590587616	0.0	0.0	0.0	0.0
			75																																																																																										0.0824274867773056		0.012500000186264515	0.0		0.0		0.4987437427043915		0.0		0.0		0.0		0.0		0.5717554092407227		0.0		0.0	
			76																																																																																										0.08003415912389755	-2.849982738494873		0.0	0.0	0.0	0.0	0.5009098052978516	0.7825555205345154	0.0	0.0	0.0	0.0	0.0	0.0	0.0	0.0	0.5704814195632935	0.21744446456432343	0.0	0.0	0.0	0.0
			77																																																																																										0.0795394778251648		0.012500000186264515	0.0		0.0		0.4998600482940674		0.0		0.0		0.0		0.0		0.5710786581039429		0.0		0.0	
			78																																																																																										0.11734604835510254	2.612623929977417		0.0	0.0	0.0	0.0	0.5016534924507141	0.7870307564735413	0.0	0.0	0.0	0.0	0.0	0.0	0.0	0.0	0.5695105791091919	0.21296927332878113	0.0	0.0	0.0	0.0
			79																																																																																										0.0870545506477356		0.012500000186264515	0.0		0.0		0.5020014047622681		0.0		0.0		0.0		0.0		0.5694245100021362		0.0		0.0	
			80																																																																																										0.07943864911794662	-2.152590751647949		0.0	0.0	0.0	0.0	0.5008494257926941	0.7929409146308899	0.0	0.0	0.0	0.0	0.0	0.0	0.0	0.0	0.5695385932922363	0.2070591151714325	0.0	0.0	0.0	0.0
			81																																																																																										0.07680557668209076		0.012500000186264515	0.0		0.0		0.501143753528595		0.0		0.0		0.0		0.0		0.5702663660049438		0.0		0.0	
			82																																																																																										0.07502589374780655	-2.697270393371582		0.0	0.0	0.0	0.0	0.4993598163127899	0.7858386635780334	0.0	0.0	0.0	0.0	0.0	0.0	0.0	0.0	0.5716031193733215	0.21416136622428894	0.0	0.0	0.0	0.0
			83																																																																																										0.0753045529127121		0.012500000186264515	0.0		0.0		0.5006067752838135		0.0		0.0		0.0		0.0		0.569843053817749		0.0		0.0	
			84																																																																																										0.07226501405239105	-3.5107126235961914		0.0	0.0	0.0	0.0	0.4993334412574768	0.7863810658454895	0.0	0.0	0.0	0.0	0.0	0.0	0.0	0.0	0.572336733341217	0.2136189341545105	0.0	0.0	0.0	0.0
			85																																																																																										0.07111705839633942		0.012500000186264515	0.0		0.0		0.49904006719589233		0.0		0.0		0.0		0.0		0.57097327709198		0.0		0.0	
			86																																																																																										0.07060790807008743	-65.28677368164062		0.0	0.0	0.0	0.0	0.49988582730293274	0.7856170535087585	0.0	0.0	0.0	0.0	0.0	0.0	0.0	0.0	0.5718811750411987	0.21438297629356384	0.0	0.0	0.0	0.0
			87																																																																																										0.07653886824846268		0.012500000186264515	0.0		0.0		0.5002177953720093		0.0		0.0		0.0		0.0		0.570323646068573		0.0		0.0	
			88																																																																																										0.06998956203460693	13.491868019104004		0.0	0.0	0.0	0.0	0.4999713897705078	0.7892155647277832	0.0	0.0	0.0	0.0	0.0	0.0	0.0	0.0	0.5707862377166748	0.2107844352722168	0.0	0.0	0.0	0.0
			89																																																																																										0.07254951447248459		0.012500000186264515	0.0		0.0		0.5006588101387024		0.0		0.0		0.0		0.0		0.5704869031906128		0.0		0.0	
			90																																																																																										0.07195174694061279	-7.772165298461914		0.0	0.0	0.0	0.0	0.49975496530532837	0.7918779253959656	0.0	0.0	0.0	0.0	0.0	0.0	0.0	0.0	0.5708385109901428	0.20812207460403442	0.0	0.0	0.0	0.0
			91																																																																																										0.06738819181919098		0.012500000186264515	0.0		0.0		0.5013768076896667		0.0		0.0		0.0		0.0		0.5696965456008911		0.0		0.0	
			92																																																																																										0.06944465637207031	-4.059520721435547		0.0	0.0	0.0	0.0	0.4996131956577301	0.7932710647583008	0.0	0.0	0.0	0.0	0.0	0.0	0.0	0.0	0.5717241764068604	0.2067289501428604	0.0	0.0	0.0	0.0
			93																																																																																										0.0658770501613617		0.012500000186264515	0.0		0.0		0.5000367760658264		0.0		0.0		0.0		0.0		0.5693923830986023		0.0		0.0	
			94																																																																																										0.06438041478395462	-4.602629661560059		0.0	0.0	0.0	0.0	0.5001848340034485	0.7946957945823669	0.0	0.0	0.0	0.0	0.0	0.0	0.0	0.0	0.5706561207771301	0.20530419051647186	0.0	0.0	0.0	0.0
			95																																																																																										0.06381475925445557		0.012500000186264515	0.0		0.0		0.49989745020866394		0.0		0.0		0.0		0.0		0.5709368586540222		0.0		0.0	
			96																																																																																										0.11424712836742401	7.246466636657715		0.0	0.0	0.0	0.0	0.5001031160354614	0.7860202193260193	0.0	0.0	0.0	0.0	0.0	0.0	0.0	0.0	0.5711185336112976	0.21397975087165833	0.0	0.0	0.0	0.0
			97																																																																																										0.08287442475557327		0.012500000186264515	0.0		0.0		0.49885401129722595		0.0		0.0		0.0		0.0		0.5717260241508484		0.0		0.0	
			98																																																																																										0.07311222702264786	-1.9785692691802979		0.0	0.0	0.0	0.0	0.4994939863681793	0.7881670594215393	0.0	0.0	0.0	0.0	0.0	0.0	0.0	0.0	0.571241021156311	0.2118329107761383	0.0	0.0	0.0	0.0
			99																																																																																										0.06782501935958862		0.012500000186264515	0.0		0.0		0.4991905689239502		0.0		0.0		0.0		0.0		0.5708447098731995		0.0		0.0	
			100																																																																																										0.06386972218751907	-1.5434544086456299		0.0	0.0	0.0	0.0	0.49931949377059937	0.7936214804649353	0.0	0.0	0.0	0.0	0.0	0.0	0.0	0.0	0.5714457631111145	0.2063785046339035	0.0	0.0	0.0	0.0
